episode_id,create_time,avg_score,min_score,sum_score,agent_count,size_bytes
92791997,2026-08-13T23:00:45.6711046,3196.963248,3161.466759,6393.926497,2,29327372
92765147,2026-08-13T21:03:06.3225966,3196.765058,3161.061126,6393.530117,2,30418612
92648052,2026-08-13T12:31:49.4652532,3196.451832,3152.662285,6392.903664,2,29681599
92521336,2026-08-13T03:27:49.0493762,3196.386039,3148.326781,6392.772077,2,31669886
92557594,2026-08-13T06:03:47.5138642,3195.878044,3147.543327,6391.756089,2,30944936
92730021,2026-08-13T18:27:41.7265817,3194.516772,3146.731269,6389.033545,2,31024630
92570664,2026-08-13T06:59:43.0235890,3193.758240,3149.575933,6387.516480,2,30321022
92534349,2026-08-13T04:23:45.6530355,3192.761422,3147.395927,6385.522844,2,31051370
92508348,2026-08-13T02:31:43.6122539,3192.215673,3143.111072,6384.431345,2,30676928
92498144,2026-08-13T01:47:44.2250552,3191.444305,3144.663578,6382.888610,2,31166401
92488785,2026-08-13T01:07:44.3113564,3190.941656,3146.819928,6381.883311,2,30629748
92692927,2026-08-13T15:43:59.5350826,3189.525838,3142.507880,6379.051676,2,31086839
92546351,2026-08-13T05:15:43.8067854,3187.489014,3133.882426,6374.978028,2,31009297
92480434,2026-08-13T00:31:44.1697076,3186.963682,3142.102509,6373.927365,2,30993831
92754114,2026-08-13T20:15:05.8060836,3185.895041,3133.375942,6371.790081,2,31105343
92775296,2026-08-13T21:47:01.5847297,3185.728869,3135.913665,6371.457737,2,31016331
92606093,2026-08-13T09:31:46.9280373,3185.274455,3136.197008,6370.548909,2,31165938
92585621,2026-08-13T08:03:48.8077614,3183.824610,3126.833299,6367.649220,2,31021178
92784526,2026-08-13T22:28:44.8962099,3180.581526,3122.766086,6361.163052,2,30773257
92799399,2026-08-13T23:32:45.8430080,3180.511428,3134.891443,6361.022855,2,31068432
92670487,2026-08-13T14:07:52.9194018,3178.859936,3114.793012,6357.719871,2,31036124
92743035,2026-08-13T19:24:57.4246779,3175.721882,3116.028626,6351.443764,2,31026884
92714267,2026-08-13T17:16:10.9271026,3172.816215,3106.463001,6345.632430,2,31030843
92628475,2026-08-13T11:07:49.5168395,3171.104986,3105.216792,6342.209972,2,31017153
92725401,2026-08-13T18:04:08.3070992,3150.788518,3149.864116,6301.577037,2,31443444
92724517,2026-08-13T18:00:03.6124715,3149.802418,3148.652600,6299.604835,2,30695429
92551118,2026-08-13T05:35:43.6050933,3149.345472,3148.030457,6298.690944,2,29830061
92754113,2026-08-13T20:15:05.8027914,3149.012972,3147.233614,6298.025943,2,30889406
92775295,2026-08-13T21:47:01.5809665,3148.487395,3140.826740,6296.974791,2,29741118
92784532,2026-08-13T22:28:44.9015187,3148.081776,3140.634022,6296.163552,2,31255553
92628473,2026-08-13T11:07:49.5145913,3146.928465,3132.052442,6293.856931,2,30034992
92607973,2026-08-13T09:39:43.7769035,3145.951882,3138.076266,6291.903764,2,30018559
92765148,2026-08-13T21:03:06.3219770,3145.647187,3136.178395,6291.294373,2,30329878
92708754,2026-08-13T16:51:59.3281485,3145.533400,3143.967428,6291.066801,2,30584601
92587450,2026-08-13T08:11:43.9102856,3145.204435,3139.801977,6290.408869,2,31321678
92480435,2026-08-13T00:31:44.1690888,3145.155285,3144.685856,6290.310570,2,30166023
92488789,2026-08-13T01:07:44.3148393,3143.863611,3137.668767,6287.727223,2,29587448
92687276,2026-08-13T15:19:54.6196828,3142.952691,3131.911004,6285.905383,2,30202144
92572513,2026-08-13T07:07:44.2221110,3142.574535,3129.708673,6285.149071,2,31453587
92791999,2026-08-13T23:00:45.6836917,3142.447342,3128.563118,6284.894684,2,29984622
92498146,2026-08-13T01:47:44.2305646,3142.284260,3133.405203,6284.568519,2,29891280
92488784,2026-08-13T01:07:44.3108105,3141.177312,3137.748591,6282.354623,2,31286249
92488774,2026-08-13T01:07:44.3112891,3141.177312,3140.078314,6282.354623,2,31324444
92557593,2026-08-13T06:03:47.5130018,3140.956442,3138.609164,6281.912883,2,30777689
92775299,2026-08-13T21:47:01.5886879,3140.747873,3130.357680,6281.495747,2,29715984
92498145,2026-08-13T01:47:44.2271270,3137.305585,3128.404857,6274.611170,2,31153354
92508349,2026-08-13T02:31:43.6137222,3136.747358,3124.596741,6273.494717,2,31452741
92521337,2026-08-13T03:27:49.0507744,3135.157205,3116.387471,6270.314409,2,29773591
92630348,2026-08-13T11:15:51.1643925,3135.064354,3127.659532,6270.128708,2,31437890
92541672,2026-08-13T04:55:43.1524703,3134.942462,3114.533541,6269.884925,2,31207054
92508352,2026-08-13T02:31:43.6168074,3133.853906,3120.405238,6267.707813,2,30235557
92662038,2026-08-13T13:31:48.4282675,3133.236237,3117.478492,6266.472474,2,31448353
92625661,2026-08-13T10:55:51.9158112,3132.984434,3108.308946,6265.968869,2,29956048
92559458,2026-08-13T06:11:43.2444637,3132.647105,3131.374799,6265.294210,2,31453422
92754112,2026-08-13T20:15:05.8020358,3131.932318,3112.046855,6263.864636,2,31331121
92784525,2026-08-13T22:28:44.8951524,3131.796413,3118.567340,6263.592825,2,31451646
92537023,2026-08-13T04:35:43.2203100,3131.483998,3111.585060,6262.967996,2,31336521
92540742,2026-08-13T04:51:47.3371074,3131.316067,3119.292574,6262.632134,2,29436422
92508351,2026-08-13T02:31:43.6148362,3130.905030,3128.831139,6261.810060,2,31324126
92474876,2026-08-13T00:07:46.6721519,3130.718308,3116.117054,6261.436616,2,31297068
92659241,2026-08-13T13:19:53.9261889,3129.906903,3103.379158,6259.813807,2,29811536
92791996,2026-08-13T23:00:45.6807767,3129.600681,3123.427925,6259.201362,2,31075966
92754120,2026-08-13T20:15:05.8079037,3128.485892,3120.596842,6256.971785,2,31442021
92765153,2026-08-13T21:03:06.3276497,3128.387619,3125.347696,6256.775237,2,31440576
92587452,2026-08-13T08:11:43.9101918,3127.703126,3101.033175,6255.406252,2,31440079
92607970,2026-08-13T09:39:43.7751039,3127.433893,3105.908155,6254.867787,2,31052836
92687287,2026-08-13T15:19:54.6344239,3126.466764,3104.374607,6252.933528,2,30084478
92743034,2026-08-13T19:24:57.4203262,3125.064433,3103.920704,6250.128866,2,30585991
92587451,2026-08-13T08:11:43.9097265,3124.972570,3100.494710,6249.945140,2,29490209
92528741,2026-08-13T03:59:43.1410258,3124.159360,3099.907417,6248.318719,2,29919830
92692926,2026-08-13T15:43:59.5341229,3123.352008,3110.579199,6246.704016,2,31447641
92563204,2026-08-13T06:27:43.0148614,3121.999840,3092.770021,6243.999681,2,31447273
92644257,2026-08-13T12:15:47.7672948,3121.657250,3087.404017,6243.314501,2,31129189
92624713,2026-08-13T10:51:43.7099957,3121.082911,3112.878782,6242.165822,2,31438546
92530632,2026-08-13T04:07:45.0623258,3120.799654,3100.521761,6241.599309,2,31452410
92527819,2026-08-13T03:55:43.0631308,3120.129032,3093.811997,6240.258064,2,31203152
92724519,2026-08-13T18:00:03.6141293,3120.006280,3085.534897,6240.012561,2,31318724
92743037,2026-08-13T19:24:57.4255346,3119.180433,3097.064770,6238.360865,2,31158095
92685410,2026-08-13T15:11:54.0014240,3119.092770,3085.635279,6238.185540,2,31267844
92649906,2026-08-13T12:39:48.3428586,3118.626318,3105.394450,6237.252636,2,31154556
92536179,2026-08-13T04:31:43.0366384,3116.854664,3096.858216,6233.709327,2,31014731
92784531,2026-08-13T22:28:44.9020761,3116.614753,3107.824895,6233.229506,2,31145199
92791994,2026-08-13T23:00:45.6775287,3116.388284,3112.164163,6232.776569,2,31400292
92663924,2026-08-13T13:39:48.2418185,3115.872052,3104.866333,6231.744104,2,31451133
92768906,2026-08-13T21:19:04.2435299,3114.128172,3089.267598,6228.256344,2,31430921
92652703,2026-08-13T12:51:48.8288326,3112.759615,3098.798990,6225.519231,2,31312935
92551089,2026-08-13T05:35:43.5444657,3111.521144,3096.456353,6223.042288,2,31440812
92546333,2026-08-13T05:15:43.7585451,3111.479098,3101.843028,6222.958195,2,31138597
92547299,2026-08-13T05:19:45.9101710,3110.676264,3105.494058,6221.352527,2,31244354
92699406,2026-08-13T16:11:55.3496491,3109.988091,3109.088634,6219.976181,2,31439243
92607974,2026-08-13T09:39:43.7996837,3108.218044,3082.213397,6216.436087,2,31272962
92655524,2026-08-13T13:03:54.4403341,3108.013748,3094.433310,6216.027495,2,31351160
92766130,2026-08-13T21:07:02.9467514,3107.597812,3080.030000,6215.195625,2,31449347
92535160,2026-08-13T04:27:43.7255897,3107.385809,3102.112350,6214.771617,2,31435407
92539813,2026-08-13T04:47:43.0325230,3106.854148,3100.628933,6213.708296,2,31063113
92534232,2026-08-13T04:23:45.5125605,3106.538557,3106.493605,6213.077114,2,31035646
92707787,2026-08-13T16:47:54.2562710,3106.247796,3056.858185,6212.495592,2,31460106
92490698,2026-08-13T01:15:43.7048145,3105.490334,3087.532815,6210.980669,2,29658391
92508350,2026-08-13T02:31:43.6137180,3105.391482,3074.178987,6210.782964,2,31298221
92800303,2026-08-13T23:36:49.1456822,3105.385017,3078.772515,6210.770034,2,31446299
92673260,2026-08-13T14:19:52.5054159,3105.139517,3100.894489,6210.279035,2,31158128
92792002,2026-08-13T23:00:45.6892087,3105.108624,3079.990128,6210.217248,2,31101751
92571597,2026-08-13T07:03:45.7119884,3104.564643,3104.329928,6209.129287,2,31155920
92676079,2026-08-13T14:31:55.2234795,3104.091768,3094.480116,6208.183535,2,31451380
92737478,2026-08-13T19:00:57.0278686,3103.305253,3091.629596,6206.610506,2,31145901
92498140,2026-08-13T01:47:44.2148509,3103.037916,3058.250606,6206.075833,2,30947774
92576287,2026-08-13T07:23:47.0208288,3102.803253,3059.991292,6205.606505,2,30302341
92799419,2026-08-13T23:32:45.8575032,3102.545457,3093.539505,6205.090913,2,31010723
92571622,2026-08-13T07:03:45.7334670,3102.302897,3069.637322,6204.605793,2,31453733
92523069,2026-08-13T03:35:43.1066595,3102.301278,3062.394165,6204.602557,2,31451665
92623782,2026-08-13T10:47:44.9017705,3101.756321,3096.643875,6203.512641,2,31144843
92695708,2026-08-13T15:55:53.1803738,3101.289978,3096.415326,6202.579955,2,31126875
92640604,2026-08-13T11:59:48.2381299,3100.403734,3096.620470,6200.807467,2,31445040
92723539,2026-08-13T17:56:03.4150418,3099.575411,3088.420054,6199.150821,2,31216335
92775298,2026-08-13T21:47:01.5881295,3099.440215,3076.973664,6198.880429,2,31444782
92718020,2026-08-13T17:32:03.1306413,3099.321660,3083.613609,6198.643319,2,31317224
92739305,2026-08-13T19:08:56.2463917,3098.551454,3051.764013,6197.102909,2,31443234
92792000,2026-08-13T23:00:45.6876103,3098.455607,3089.698942,6196.911213,2,31447121
92799400,2026-08-13T23:32:45.8438652,3097.962775,3036.830596,6195.925550,2,30518247
92738400,2026-08-13T19:04:56.2538188,3097.481603,3043.355651,6194.963206,2,29983495
92784529,2026-08-13T22:28:44.8985614,3097.221826,3068.824671,6194.443652,2,31445432
92620966,2026-08-13T10:35:42.9404341,3097.102652,3093.087031,6194.205303,2,31021059
92522216,2026-08-13T03:31:43.3252705,3097.048621,3082.860198,6194.097242,2,31296180
92643419,2026-08-13T12:11:49.7506056,3096.465436,3091.800176,6192.930871,2,31032829
92473972,2026-08-13T00:03:49.7112211,3096.202548,3043.090023,6192.405097,2,31286523
92648003,2026-08-13T12:31:49.4077686,3095.348474,3085.259855,6190.696948,2,31190457
92648927,2026-08-13T12:35:48.3291331,3094.970598,3080.348092,6189.941195,2,31199091
92532377,2026-08-13T04:15:44.1048029,3094.880012,3094.122581,6189.760023,2,31176795
92775294,2026-08-13T21:47:01.5803406,3094.716940,3080.310273,6189.433880,2,31438850
92779003,2026-08-13T22:04:45.7149864,3093.899579,3084.927332,6187.799158,2,31146914
92529677,2026-08-13T04:03:46.4504061,3093.156177,3091.500936,6186.312354,2,31153681
92692928,2026-08-13T15:43:59.5354412,3092.616082,3083.731386,6185.232164,2,31418797
92607971,2026-08-13T09:39:43.7762876,3092.600176,3042.747019,6185.200353,2,31442230
92524178,2026-08-13T03:39:43.2141365,3091.235912,3039.805265,6182.471823,2,31148271
92682646,2026-08-13T14:59:53.4623271,3091.140988,3023.254364,6182.281976,2,29690073
92784524,2026-08-13T22:28:44.8942636,3090.304060,3076.612760,6180.608121,2,31459639
92765152,2026-08-13T21:03:06.3264541,3089.667617,3051.980354,6179.335234,2,31311561
92558534,2026-08-13T06:07:44.8017917,3088.853408,3068.253943,6177.706816,2,31336540
92511941,2026-08-13T02:47:43.3287759,3087.883445,3036.129838,6175.766889,2,31455672
92748474,2026-08-13T19:51:01.6106136,3087.060761,3058.445832,6174.121521,2,31435269
92758727,2026-08-13T20:35:03.6010680,3086.584443,3080.078166,6173.168885,2,31456765
92525944,2026-08-13T03:47:43.0717174,3086.031202,3070.736752,6172.062403,2,31442357
92799406,2026-08-13T23:32:45.8487962,3085.253458,3046.347681,6170.506916,2,31283214
92759624,2026-08-13T20:39:02.7373330,3084.683948,3028.865852,6169.367896,2,31196725
92634088,2026-08-13T11:31:50.4280246,3083.993702,3058.383732,6167.987404,2,31329118
92489730,2026-08-13T01:11:49.5753649,3083.133047,3074.689214,6166.266095,2,31081611
92521338,2026-08-13T03:27:49.0530798,3082.822719,3015.736266,6165.645437,2,29692767
92750376,2026-08-13T19:59:02.5520937,3082.529378,3074.985624,6165.058755,2,31074424
92521335,2026-08-13T03:27:49.0499182,3082.317121,3013.182437,6164.634241,2,31714033
92799409,2026-08-13T23:32:45.8516496,3082.065241,3046.448736,6164.130481,2,31442477
92622842,2026-08-13T10:43:46.5475394,3080.958724,3060.610021,6161.917448,2,31446450
92533312,2026-08-13T04:19:43.5104929,3080.848377,3061.773971,6161.696754,2,31323334
92746623,2026-08-13T19:43:02.9375594,3080.664128,3057.344655,6161.328255,2,31137918
92688242,2026-08-13T15:23:55.5187113,3080.041447,3061.337146,6160.082894,2,31362883
92767973,2026-08-13T21:15:02.7291389,3079.423860,3053.151224,6158.847719,2,31157872
92548291,2026-08-13T05:23:46.3572612,3079.307369,3039.168274,6158.614737,2,31315283
92602351,2026-08-13T09:15:44.4117203,3078.695260,3061.608585,6157.390521,2,31457549
92784523,2026-08-13T22:28:44.8928200,3078.641969,3072.536887,6157.283937,2,31447035
92757774,2026-08-13T20:31:02.8137526,3077.762753,3056.929876,6155.525506,2,31155121
92525014,2026-08-13T03:43:45.2709956,3077.510589,3058.633031,6155.021178,2,31261263
92482309,2026-08-13T00:39:44.6340341,3076.932872,3034.461956,6153.865743,2,31264591
92751293,2026-08-13T20:03:05.4008654,3076.473447,3005.110884,6152.946895,2,31444243
92643365,2026-08-13T12:11:49.6501160,3076.315534,3056.621121,6152.631069,2,31457275
92741996,2026-08-13T19:20:57.5018826,3076.310761,3043.480034,6152.621522,2,31447911
92719800,2026-08-13T17:40:03.7311136,3075.623898,3062.315056,6151.247797,2,31150763
92799401,2026-08-13T23:32:45.8439441,3074.386449,3011.173433,6148.772899,2,31293924
92570668,2026-08-13T06:59:43.0262572,3074.028979,3005.719491,6148.057959,2,30301817
92483266,2026-08-13T00:43:45.9614005,3073.790168,3063.824998,6147.580336,2,31318129
92732829,2026-08-13T18:40:56.5232080,3073.764099,3029.270762,6147.528198,2,31440199
92606092,2026-08-13T09:31:46.9274409,3073.629259,3017.525530,6147.258519,2,31286140
92546418,2026-08-13T05:15:43.8671949,3072.703461,3044.811533,6145.406923,2,31461930
92698493,2026-08-13T16:07:53.3646118,3071.381105,3051.694993,6142.762211,2,30895091
92629381,2026-08-13T11:11:48.5467540,3071.369652,3051.350758,6142.739305,2,31449551
92645196,2026-08-13T12:19:48.2404730,3071.314225,3061.610905,6142.628449,2,31484867
92736536,2026-08-13T18:56:57.7533411,3071.146080,3046.412421,6142.292160,2,31166342
92680760,2026-08-13T14:51:54.6324949,3071.075186,3052.958814,6142.150371,2,31162424
92610684,2026-08-13T09:51:43.2067163,3070.766889,3042.036738,6141.533777,2,31443509
92718894,2026-08-13T17:36:04.2621575,3070.014466,3052.359564,6140.028932,2,31405614
92647077,2026-08-13T12:27:48.2651259,3069.966132,3049.482279,6139.932265,2,31206955
92669545,2026-08-13T14:03:55.0049150,3069.768878,3041.035739,6139.537756,2,31349797
92642386,2026-08-13T12:07:48.9171398,3069.614294,2994.350298,6139.228588,2,31451613
92784541,2026-08-13T22:28:44.9129281,3069.345296,3036.694697,6138.690591,2,31153654
92473891,2026-08-13T00:03:49.5541032,3069.257570,3055.217020,6138.515140,2,31115012
92557598,2026-08-13T06:03:47.5164423,3068.608836,3041.013314,6137.217672,2,31174215
92714268,2026-08-13T17:16:10.9284349,3068.400186,3049.069340,6136.800372,2,31415289
92536093,2026-08-13T04:31:42.9126150,3068.248579,3019.637376,6136.497158,2,31152127
92792015,2026-08-13T23:00:45.7482783,3067.945899,3028.519840,6135.891798,2,31457350
92544459,2026-08-13T05:07:43.4422363,3067.803949,3011.374665,6135.607897,2,31383085
92766049,2026-08-13T21:07:02.8431782,3067.668850,3060.181452,6135.337700,2,31537612
92745780,2026-08-13T19:39:02.2500334,3067.350836,3022.733412,6134.701672,2,31446660
92618250,2026-08-13T10:23:48.1129359,3067.136026,3047.319335,6134.272052,2,31333354
92799404,2026-08-13T23:32:45.8480203,3066.852782,3040.238686,6133.705564,2,31439324
92651795,2026-08-13T12:47:49.0434125,3066.852326,3033.981642,6133.704652,2,31446515
92643324,2026-08-13T12:11:49.6014797,3066.576772,3053.477853,6133.153545,2,31072118
92486852,2026-08-13T00:59:44.6360034,3066.409666,3054.141128,6132.819332,2,31439676
92792001,2026-08-13T23:00:45.6895233,3066.196381,3018.201763,6132.392761,2,31873319
92730020,2026-08-13T18:27:41.7255096,3065.971717,3033.422122,6131.943433,2,31457019
92746678,2026-08-13T19:43:03.0249242,3065.940049,3054.885874,6131.880099,2,31320376
92506403,2026-08-13T02:23:47.0295232,3065.905942,3054.007841,6131.811884,2,30936373
92644345,2026-08-13T12:15:47.9063565,3065.456140,2999.002226,6130.912281,2,31288844
92481357,2026-08-13T00:35:44.0008052,3065.432051,3043.645202,6130.864101,2,31290674
92799412,2026-08-13T23:32:45.8557900,3065.136402,3051.474856,6130.272805,2,31444173
92538891,2026-08-13T04:43:45.2597724,3064.525268,3009.880138,6129.050536,2,31002206
92542643,2026-08-13T04:59:43.1958576,3064.458416,3010.884202,6128.916833,2,31699161
92523150,2026-08-13T03:35:43.2234580,3064.397444,3041.056123,6128.794888,2,31449005
92648064,2026-08-13T12:31:49.5085490,3064.296904,3053.171275,6128.593807,2,31308509
92624687,2026-08-13T10:51:43.6523732,3064.184544,3051.261283,6128.369089,2,31456954
92564152,2026-08-13T06:31:43.7081957,3063.440449,3027.204485,6126.880899,2,31015089
92755076,2026-08-13T20:19:03.2803560,3063.323104,3051.541906,6126.646208,2,31208341
92524929,2026-08-13T03:43:45.1573834,3062.927812,3047.832870,6125.855624,2,31423431
92799407,2026-08-13T23:32:45.8491687,3062.582694,3041.240265,6125.165388,2,31403522
92496242,2026-08-13T01:39:44.3246283,3062.566220,3061.469801,6125.132440,2,30929543
92707796,2026-08-13T16:47:54.2629215,3062.450537,3032.126421,6124.901073,2,31189887
92527729,2026-08-13T03:55:42.9398044,3062.173975,3042.109688,6124.347950,2,31323756
92747670,2026-08-13T19:47:01.8833750,3061.940468,3025.917564,6123.880937,2,31441335
92524000,2026-08-13T03:39:42.9305635,3061.677163,3052.837180,6123.354326,2,31166097
92481398,2026-08-13T00:35:44.0674996,3061.650041,3044.252887,6123.300083,2,31452745
92747549,2026-08-13T19:47:01.5409864,3061.534996,3060.512871,6123.069993,2,31448965
92506404,2026-08-13T02:23:47.0466250,3061.508771,3046.231705,6123.017541,2,31470016
92537968,2026-08-13T04:39:42.8199612,3061.270347,3007.120590,6122.540694,2,31217883
92714266,2026-08-13T17:16:10.9260076,3061.188542,3018.030248,6122.377085,2,31445671
92633112,2026-08-13T11:27:48.6369912,3060.825930,3027.990815,6121.651860,2,31092907
92760501,2026-08-13T20:43:04.7463036,3060.590214,3019.262584,6121.180428,2,31616615
92526868,2026-08-13T03:51:43.2122264,3060.407428,3022.753486,6120.814857,2,31150439
92515704,2026-08-13T03:03:44.5374707,3060.212183,3057.773312,6120.424366,2,31274679
92489752,2026-08-13T01:11:49.6227048,3060.203132,3041.690952,6120.406264,2,31380119
92496245,2026-08-13T01:39:44.3282340,3060.184578,3046.807878,6120.369156,2,31477448
92677039,2026-08-13T14:35:54.2060613,3059.116492,3011.474977,6118.232984,2,31441370
92504578,2026-08-13T02:15:43.5187866,3058.811081,3057.672669,6117.622162,2,31316487
92549165,2026-08-13T05:27:43.1403742,3058.750196,2995.211732,6117.500392,2,31443940
92516737,2026-08-13T03:07:43.3089478,3058.424230,3055.407697,6116.848461,2,31127089
92748558,2026-08-13T19:51:01.7493296,3058.217228,3030.749556,6116.434456,2,31226245
92475831,2026-08-13T00:11:43.5379567,3057.849022,3047.565980,6115.698044,2,31708032
92531447,2026-08-13T04:11:47.4313049,3057.629818,3028.066614,6115.259637,2,31069915
92778994,2026-08-13T22:04:45.7053792,3057.542566,3043.600618,6115.085132,2,31456624
92639569,2026-08-13T11:55:48.1693659,3057.152932,3053.866166,6114.305864,2,31215290
92494381,2026-08-13T01:31:44.1432718,3057.129070,3051.979286,6114.258141,2,31315956
92649864,2026-08-13T12:39:48.3051226,3056.912100,3029.144851,6113.824200,2,31191129
92749398,2026-08-13T19:55:02.5238662,3056.866031,3050.457847,6113.732061,2,31451407
92638634,2026-08-13T11:51:47.7673689,3055.784876,3044.183139,6111.569752,2,31482469
92593068,2026-08-13T08:35:44.0089193,3055.200618,3026.965557,6110.401236,2,31298683
92588396,2026-08-13T08:15:43.1798664,3055.122843,3045.920203,6110.245686,2,31247770
92557599,2026-08-13T06:03:47.5138565,3055.072791,3040.652022,6110.145582,2,31143970
92646137,2026-08-13T12:23:51.0019493,3054.704932,3023.833386,6109.409864,2,31290597
92709653,2026-08-13T16:56:04.4216822,3054.569947,3052.289130,6109.139894,2,31449321
92541805,2026-08-13T04:55:43.3718390,3054.560660,3039.937461,6109.121320,2,27848003
92648991,2026-08-13T12:35:48.4385571,3054.544768,3001.580420,6109.089535,2,31300541
92733744,2026-08-13T18:44:56.6007962,3054.357724,3026.687544,6108.715448,2,31198198
92755998,2026-08-13T20:23:05.1179904,3054.231927,3044.027850,6108.463853,2,31455638
92650842,2026-08-13T12:43:51.4650080,3053.961723,3019.233102,6107.923446,2,31367947
92520361,2026-08-13T03:23:48.6443122,3053.723477,3035.288809,6107.446953,2,31198566
92563137,2026-08-13T06:27:42.9112977,3053.632967,3043.997896,6107.265933,2,31276215
92473954,2026-08-13T00:03:49.6615533,3053.404702,3031.824465,6106.809404,2,31444418
92526870,2026-08-13T03:51:43.2172088,3053.170306,3012.203166,6106.340612,2,31265177
92779093,2026-08-13T22:04:45.8421287,3053.128667,3048.410133,6106.257334,2,30977055
92532444,2026-08-13T04:15:44.3060595,3052.695081,3051.447655,6105.390162,2,31035839
92620037,2026-08-13T10:31:43.2559658,3052.442237,3018.106772,6104.884474,2,31180015
92519439,2026-08-13T03:19:43.1296647,3051.997581,3037.239147,6103.995161,2,31320027
92793804,2026-08-13T23:08:49.3752260,3051.459512,3050.992977,6102.919024,2,31118097
92478572,2026-08-13T00:23:46.6260605,3051.401996,3037.748689,6102.803992,2,31452327
92707789,2026-08-13T16:47:54.2590379,3051.224319,3013.388312,6102.448638,2,31331141
92792886,2026-08-13T23:04:45.4432542,3050.881416,3045.175260,6101.762832,2,31445612
92688205,2026-08-13T15:23:55.4443130,3050.763762,3041.582192,6101.527523,2,31324816
92745708,2026-08-13T19:39:02.1387388,3050.404938,3039.007635,6100.809876,2,31455976
92755945,2026-08-13T20:23:05.0308989,3050.243627,3045.959291,6100.487255,2,31425811
92555779,2026-08-13T05:55:47.9636340,3050.183264,3035.032478,6100.366527,2,31212262
92487008,2026-08-13T00:59:44.9121591,3050.160424,3039.365782,6100.320847,2,31719080
92639631,2026-08-13T11:55:48.2539689,3050.120610,3046.904315,6100.241220,2,31314096
92653633,2026-08-13T12:55:48.7158575,3049.828573,3048.230779,6099.657147,2,30746681
92543519,2026-08-13T05:03:50.8412219,3049.571977,2978.215093,6099.143953,2,31288351
92743972,2026-08-13T19:31:12.3059309,3049.200627,2998.292282,6098.401254,2,30675467
92599519,2026-08-13T09:03:44.9615897,3048.427707,3033.759024,6096.855414,2,31337102
92799416,2026-08-13T23:32:45.8598266,3047.962777,3033.669766,6095.925554,2,31429414
92797493,2026-08-13T23:24:46.7797178,3047.780290,3045.621098,6095.560581,2,31315827
92791959,2026-08-13T23:00:45.6491730,3047.675252,3020.906693,6095.350504,2,31428093
92707798,2026-08-13T16:47:54.2637283,3047.286515,3038.387626,6094.573030,2,31409146
92593993,2026-08-13T08:39:43.5355900,3047.039515,3025.814784,6094.079031,2,31206212
92792005,2026-08-13T23:00:45.6844266,3046.722051,3044.671663,6093.444103,2,31071472
92642420,2026-08-13T12:07:49.0017482,3046.693900,3035.599999,6093.387800,2,31273667
92572555,2026-08-13T07:07:44.2732026,3046.275835,3030.141127,6092.551671,2,31315060
92739218,2026-08-13T19:08:56.1312378,3046.064009,3027.002864,6092.128018,2,31443741
92535237,2026-08-13T04:27:43.8196758,3046.010207,3037.744673,6092.020413,2,31258906
92755033,2026-08-13T20:19:03.1486830,3045.858468,3036.442482,6091.716937,2,31438564
92732824,2026-08-13T18:40:56.5163055,3045.792909,3025.308259,6091.585818,2,31315813
92516554,2026-08-13T03:07:43.0328563,3045.567003,3019.933904,6091.134007,2,31361717
92765228,2026-08-13T21:03:06.4404112,3045.485223,3032.244133,6090.970445,2,30547682
92604215,2026-08-13T09:23:45.0847876,3045.385202,3016.259238,6090.770404,2,31478854
92700379,2026-08-13T16:15:53.9454466,3045.249475,3033.298379,6090.498949,2,31454458
92568774,2026-08-13T06:51:43.0718019,3045.208381,3017.198906,6090.416761,2,31408158
92803900,2026-08-13T23:52:44.2735429,3044.759772,3007.308671,6089.519545,2,31453552
92755856,2026-08-13T20:23:04.8943439,3044.725118,3005.682153,6089.450236,2,31448637
92528739,2026-08-13T03:59:43.1379551,3044.387155,3022.984659,6088.774311,2,31434222
92751323,2026-08-13T20:03:05.4325052,3044.335831,3019.232256,6088.671662,2,31446967
92501786,2026-08-13T02:03:45.5070547,3044.001927,3043.661182,6088.003853,2,31237646
92512072,2026-08-13T02:47:43.5076569,3043.993656,3003.782969,6087.987311,2,31157217
92602347,2026-08-13T09:15:44.4897035,3043.889833,3021.990957,6087.779666,2,31438264
92734666,2026-08-13T18:48:56.2506365,3043.779421,2995.507160,6087.558843,2,31032091
92780668,2026-08-13T22:12:45.0218612,3043.654585,3010.712184,6087.309169,2,31443527
92522137,2026-08-13T03:31:43.2059198,3043.652530,3036.728421,6087.305060,2,31473025
92792004,2026-08-13T23:00:45.6811399,3043.557091,3011.780356,6087.114182,2,30955877
92485136,2026-08-13T00:51:43.5533107,3043.444706,3039.734764,6086.889413,2,31451690
92605144,2026-08-13T09:27:45.6403810,3043.220828,3007.825077,6086.441657,2,31167685
92516744,2026-08-13T03:07:43.3103009,3043.162936,3041.393889,6086.325872,2,31317691
92566881,2026-08-13T06:43:45.4266657,3042.618523,3034.245330,6085.237046,2,31408854
92480426,2026-08-13T00:31:44.1496875,3042.581112,3032.555255,6085.162225,2,30950541
92609816,2026-08-13T09:47:48.0430379,3042.541583,3030.423770,6085.083165,2,31446115
92784366,2026-08-13T22:28:44.6687949,3042.541407,3005.031231,6085.082814,2,31460629
92541804,2026-08-13T04:55:43.3707202,3042.480172,3040.870022,6084.960345,2,31355259
92518605,2026-08-13T03:15:43.3170342,3042.368087,3021.947168,6084.736173,2,31152491
92793861,2026-08-13T23:08:49.4897200,3042.317328,3011.588599,6084.634656,2,31433803
92799420,2026-08-13T23:32:45.8629316,3042.246882,2986.615122,6084.493764,2,31144438
92587461,2026-08-13T08:11:43.9119088,3042.177324,3011.088465,6084.354649,2,31248624
92662043,2026-08-13T13:31:48.4331691,3041.971377,3039.203449,6083.942753,2,31443985
92775297,2026-08-13T21:47:01.5863452,3041.838549,3036.527055,6083.677098,2,31944946
92528715,2026-08-13T03:59:43.1049116,3041.572874,3032.697385,6083.145747,2,31329599
92643393,2026-08-13T12:11:49.7265102,3041.268126,3036.147401,6082.536251,2,31447145
92602346,2026-08-13T09:15:44.4902182,3041.176062,3037.388970,6082.352123,2,31306918
92769811,2026-08-13T21:23:06.9144913,3041.170837,3019.684959,6082.341675,2,31202225
92768889,2026-08-13T21:19:04.2223690,3041.145522,3014.981785,6082.291044,2,31285058
92746685,2026-08-13T19:43:03.0365096,3041.135337,3001.894351,6082.270674,2,31448764
92643347,2026-08-13T12:11:49.6287120,3041.060815,3030.335391,6082.121629,2,31329607
92524082,2026-08-13T03:39:43.0505935,3040.878626,2990.245362,6081.757252,2,31287646
92736542,2026-08-13T18:56:57.7586164,3040.794368,3011.135492,6081.588736,2,31443206
92545414,2026-08-13T05:11:45.8170740,3040.786269,2954.923829,6081.572538,2,30984676
92717972,2026-08-13T17:32:03.0450382,3040.764154,2987.481081,6081.528307,2,31159014
92606097,2026-08-13T09:31:46.9339443,3040.703875,2998.974328,6081.407751,2,31261295
92577184,2026-08-13T07:27:48.5368954,3040.401106,2985.110140,6080.802212,2,31347128
92546369,2026-08-13T05:15:43.8152949,3040.293146,3031.204543,6080.586292,2,31461470
92614413,2026-08-13T10:07:44.8635279,3040.108605,3014.226894,6080.217211,2,31234066
92524125,2026-08-13T03:39:43.1362847,3039.952783,3033.808140,6079.905565,2,31059835
92795512,2026-08-13T23:16:47.5463480,3039.920952,3012.436191,6079.841905,2,31453437
92625623,2026-08-13T10:55:51.8157902,3039.753606,3022.928687,6079.507211,2,31262654
92635839,2026-08-13T11:39:47.6376338,3039.575191,3032.879614,6079.150382,2,31183395
92772578,2026-08-13T21:35:02.1838608,3039.474603,3007.423657,6078.949206,2,30976854
92518510,2026-08-13T03:15:43.1669099,3039.467871,3017.865654,6078.935742,2,31294444
92506406,2026-08-13T02:23:47.0254593,3039.442667,3011.496427,6078.885335,2,30859291
92615333,2026-08-13T10:11:44.1506928,3039.372156,3020.892640,6078.744312,2,30958808
92685388,2026-08-13T15:11:53.9492608,3039.249079,3038.258671,6078.498158,2,31258791
92517573,2026-08-13T03:11:44.1026835,3039.185378,3022.802556,6078.370755,2,31732654
92743850,2026-08-13T19:31:12.0207850,3039.089303,3024.561795,6078.178606,2,31297160
92670490,2026-08-13T14:07:52.9275681,3038.501476,2998.228929,6077.002952,2,31449011
92499941,2026-08-13T01:55:43.7266678,3038.448908,2994.926517,6076.897816,2,31496981
92787380,2026-08-13T22:40:45.0410772,3038.417012,2998.031617,6076.834023,2,31442981
92587435,2026-08-13T08:11:43.8996965,3038.294970,3025.912406,6076.589940,2,31317298
92529676,2026-08-13T04:03:46.4488982,3038.124368,3028.399164,6076.248736,2,31456061
92738401,2026-08-13T19:04:56.2538835,3038.054308,2996.734761,6076.108616,2,31311919
92565085,2026-08-13T06:35:43.6373538,3038.029599,3035.616435,6076.059199,2,31315922
92552925,2026-08-13T05:43:46.2211820,3037.776759,3035.374644,6075.553517,2,31298657
92619108,2026-08-13T10:27:43.2404478,3037.616090,2993.205690,6075.232181,2,31088463
92530521,2026-08-13T04:07:44.9072906,3037.387337,2993.165851,6074.774673,2,31722776
92751294,2026-08-13T20:03:05.4016576,3037.248713,3018.708230,6074.497425,2,31303532
92475830,2026-08-13T00:11:43.5373341,3037.111846,3035.823637,6074.223693,2,31453849
92491608,2026-08-13T01:19:43.9161163,3036.972939,3024.946031,6073.945879,2,31131090
92490696,2026-08-13T01:15:43.7051425,3036.913869,3034.793318,6073.827738,2,31708614
92476753,2026-08-13T00:15:46.7503049,3036.780519,3012.690494,6073.561039,2,31068849
92584619,2026-08-13T07:59:44.4362094,3036.767813,3034.942577,6073.535627,2,31444231
92591192,2026-08-13T08:27:44.0996629,3036.744316,2984.390149,6073.488632,2,31281947
92603249,2026-08-13T09:19:43.4504569,3036.738250,2996.842389,6073.476500,2,31323357
92617232,2026-08-13T10:19:45.5527398,3036.597419,3000.211540,6073.194837,2,31324253
92776219,2026-08-13T21:51:02.3007213,3036.551328,3018.217687,6073.102657,2,31194341
92750334,2026-08-13T19:59:02.5072122,3036.428303,3005.676299,6072.856605,2,31449440
92790149,2026-08-13T22:52:45.5659864,3036.401683,3017.670197,6072.803365,2,31449124
92525860,2026-08-13T03:47:42.9433605,3036.218869,2988.863314,6072.437739,2,31320158
92603258,2026-08-13T09:19:43.4595193,3036.193398,3002.285763,6072.386795,2,31282403
92784545,2026-08-13T22:28:44.9183632,3036.151144,3031.896437,6072.302289,2,31462378
92608777,2026-08-13T09:43:45.3382843,3036.143254,3021.642736,6072.286507,2,31094848
92634964,2026-08-13T11:35:49.2197748,3035.856865,3022.249727,6071.713731,2,31356378
92669552,2026-08-13T14:03:55.0137088,3035.722119,3015.731129,6071.444237,2,31312588
92725381,2026-08-13T18:04:08.2607441,3035.549752,3024.228988,6071.099503,2,31439881
92804063,2026-08-13T23:52:44.5929929,3035.476631,2974.713124,6070.953262,2,31457264
92802092,2026-08-13T23:44:45.3898337,3035.456701,3012.225037,6070.913402,2,31440173
92640505,2026-08-13T11:59:48.1085485,3035.212627,3004.787459,6070.425254,2,31244621
92644338,2026-08-13T12:15:47.9069779,3035.212284,2999.272053,6070.424569,2,31406696
92712468,2026-08-13T17:08:03.8394144,3035.189277,3010.290932,6070.378553,2,31450435
92570670,2026-08-13T06:59:43.0280869,3035.072172,3033.819756,6070.144344,2,31202159
92618174,2026-08-13T10:23:48.0095681,3035.036937,2992.489807,6070.073874,2,31210883
92481396,2026-08-13T00:35:44.0668212,3035.017891,3027.437468,6070.035782,2,31055496
92737435,2026-08-13T19:00:56.9443738,3034.764104,2978.209419,6069.528208,2,31206213
92478573,2026-08-13T00:23:46.6280991,3034.612884,3031.014451,6069.225768,2,30980434
92778124,2026-08-13T22:00:46.8444937,3034.388657,3032.944646,6068.777315,2,31335232
92638695,2026-08-13T11:51:47.8492348,3034.341597,3027.306612,6068.683194,2,31446531
92600449,2026-08-13T09:07:46.2704829,3033.936853,3011.532768,6067.873705,2,31450352
92598579,2026-08-13T08:59:43.7079214,3033.884401,3021.388025,6067.768802,2,31057337
92615351,2026-08-13T10:11:44.1678975,3033.728269,3004.117427,6067.456537,2,31135325
92529659,2026-08-13T04:03:46.4267718,3033.670683,3029.309169,6067.341366,2,31070202
92611617,2026-08-13T09:55:43.4145567,3033.520780,3018.028010,6067.041561,2,31129118
92485120,2026-08-13T00:51:43.5333292,3033.490456,3032.683854,6066.980913,2,31463079
92487843,2026-08-13T01:03:50.3598476,3033.402681,3010.018883,6066.805362,2,31088404
92628434,2026-08-13T11:07:49.4544255,3033.383497,3010.633413,6066.766994,2,31363921
92565948,2026-08-13T06:39:44.9800299,3033.349525,3020.505750,6066.699051,2,31718358
92544529,2026-08-13T05:07:43.5416642,3033.260572,3017.771760,6066.521145,2,30879116
92646184,2026-08-13T12:23:51.0517532,3032.867648,3027.749088,6065.735296,2,31281529
92785433,2026-08-13T22:32:45.8141994,3032.728493,3015.831445,6065.456986,2,31163486
92529732,2026-08-13T04:03:46.5801350,3032.684495,3000.337992,6065.368989,2,30822284
92793803,2026-08-13T23:08:49.3740688,3032.658977,3021.311332,6065.317954,2,31307951
92659205,2026-08-13T13:19:53.8673710,3032.640478,3009.959349,6065.280956,2,31193099
92742922,2026-08-13T19:24:57.2538939,3032.506013,3016.444235,6065.012026,2,31456161
92609773,2026-08-13T09:47:47.9685187,3032.469935,3013.634196,6064.939871,2,31337058
92499940,2026-08-13T01:55:43.7273456,3032.371460,3026.774916,6064.742919,2,31328585
92533378,2026-08-13T04:19:43.6061170,3032.365670,3009.013832,6064.731341,2,31286821
92560310,2026-08-13T06:15:43.7083627,3032.358120,3028.835914,6064.716240,2,31321024
92762388,2026-08-13T20:51:03.5282234,3032.293404,2996.660551,6064.586808,2,31444897
92608910,2026-08-13T09:43:45.5248187,3032.291222,3023.086319,6064.582443,2,31024260
92765146,2026-08-13T21:03:06.3203557,3032.047635,2949.817639,6064.095270,2,31453667
92778082,2026-08-13T22:00:46.7819955,3031.993877,2965.456195,6063.987755,2,30772096
92534350,2026-08-13T04:23:45.6537828,3031.815400,3009.285378,6063.630800,2,31719937
92792017,2026-08-13T23:00:45.7463280,3031.743176,2968.520374,6063.486352,2,31153261
92511001,2026-08-13T02:43:44.8105381,3031.452106,3021.799380,6062.904211,2,31405359
92613480,2026-08-13T10:03:46.4401506,3031.449785,3002.865914,6062.899569,2,31337359
92630341,2026-08-13T11:15:51.1564214,3031.365435,3000.247515,6062.730869,2,31242614
92571583,2026-08-13T07:03:45.6745387,3031.338604,3020.589948,6062.677207,2,31293091
92476754,2026-08-13T00:15:46.7518963,3031.245974,2983.043676,6062.491948,2,31404438
92516639,2026-08-13T03:07:43.1512434,3031.237449,2999.402272,6062.474899,2,31450662
92514698,2026-08-13T02:59:53.7513908,3031.152600,2994.143349,6062.305201,2,31389779
92524064,2026-08-13T03:39:43.0318307,3030.957435,3004.718709,6061.914870,2,31082230
92528652,2026-08-13T03:59:42.9778990,3030.826834,2974.676901,6061.653668,2,31455683
92786353,2026-08-13T22:36:48.2693413,3030.815187,3015.298922,6061.630374,2,31439829
92539851,2026-08-13T04:47:43.0761029,3030.624801,3005.041044,6061.249601,2,31454977
92529589,2026-08-13T04:03:46.3263016,3030.492331,2969.578056,6060.984663,2,31135902
92635901,2026-08-13T11:39:47.7337273,3030.102001,3028.153419,6060.204003,2,31303258
92493494,2026-08-13T01:27:45.6192137,3029.842479,3026.170948,6059.684957,2,31456052
92751311,2026-08-13T20:03:05.4205550,3029.831555,2988.967749,6059.663110,2,31137296
92601379,2026-08-13T09:11:43.5513993,3029.741372,2998.555046,6059.482744,2,31457533
92785435,2026-08-13T22:32:45.8447053,3029.705809,2979.728370,6059.411618,2,31417925
92794576,2026-08-13T23:12:47.0827575,3029.617733,3004.421829,6059.235465,2,31449826
92792014,2026-08-13T23:00:45.7495617,3029.038024,3013.545818,6058.076048,2,31429788
92799402,2026-08-13T23:32:45.8441811,3029.021041,3014.430307,6058.042081,2,31274529
92478595,2026-08-13T00:23:46.6698223,3028.970966,3017.801144,6057.941933,2,31453950
92791957,2026-08-13T23:00:45.6494189,3028.928249,3013.658929,6057.856499,2,31802905
92486861,2026-08-13T00:59:44.6460495,3028.865898,3013.463683,6057.731796,2,31447141
92518613,2026-08-13T03:15:43.3241909,3028.864066,3016.574322,6057.728131,2,31175515
92763337,2026-08-13T20:55:02.7291733,3028.824123,3024.372281,6057.648246,2,31448071
92513014,2026-08-13T02:51:43.3326472,3028.670730,3018.018132,6057.341459,2,31279074
92601383,2026-08-13T09:11:43.5535287,3028.488864,3014.076851,6056.977728,2,31711305
92496293,2026-08-13T01:39:44.4344910,3028.467943,3001.592579,6056.935885,2,31444542
92620946,2026-08-13T10:35:42.9179628,3028.282359,3013.937021,6056.564718,2,31159348
92742041,2026-08-13T19:20:57.5479770,3028.055570,3027.389669,6056.111139,2,31321574
92630190,2026-08-13T11:15:50.9409288,3027.773342,3024.548496,6055.546684,2,31357722
92799394,2026-08-13T23:32:45.8411383,3027.423695,3015.253407,6054.847391,2,31434264
92548208,2026-08-13T05:23:46.1786592,3027.415660,3026.451281,6054.831320,2,31145266
92778081,2026-08-13T22:00:46.7805213,3027.286670,3006.797468,6054.573340,2,31189393
92521282,2026-08-13T03:27:48.9596928,3027.271907,2978.314214,6054.543813,2,31105025
92717045,2026-08-13T17:28:04.9225555,3027.190675,2990.807238,6054.381350,2,31170805
92733633,2026-08-13T18:44:56.3932342,3027.097706,3004.343217,6054.195412,2,31303747
92524998,2026-08-13T03:43:45.2518006,3027.094337,3011.555386,6054.188674,2,31334451
92680699,2026-08-13T14:51:54.5310627,3026.791577,3015.856563,6053.583154,2,31326166
92641441,2026-08-13T12:03:56.1345178,3026.437038,2982.704118,6052.874076,2,31364789
92789933,2026-08-13T22:52:45.2422807,3026.349051,3007.329759,6052.698102,2,31448414
92500881,2026-08-13T01:59:43.9504043,3026.279511,2971.708003,6052.559022,2,31027430
92609734,2026-08-13T09:47:47.9304705,3026.166635,3003.864027,6052.333271,2,31355509
92628484,2026-08-13T11:07:49.5278576,3026.027599,3018.536034,6052.055198,2,31447273
92486847,2026-08-13T00:59:44.6340584,3026.008889,2983.671817,6052.017778,2,31255349
92799397,2026-08-13T23:32:45.8436804,3025.871084,2982.643401,6051.742167,2,31727287
92748552,2026-08-13T19:51:01.7412094,3025.611077,3022.134282,6051.222154,2,31401468
92620014,2026-08-13T10:31:43.2211724,3025.545627,3014.527449,6051.091254,2,31446501
92597644,2026-08-13T08:55:43.4212117,3025.392963,3023.671971,6050.785927,2,31443650
92486860,2026-08-13T00:59:44.6447027,3025.242499,3013.551510,6050.484998,2,31479523
92496249,2026-08-13T01:39:44.3302880,3025.198586,3009.350929,6050.397172,2,31475101
92473974,2026-08-13T00:03:49.7134253,3025.189258,2993.355465,6050.378516,2,31445335
92724445,2026-08-13T18:00:03.4711204,3025.166422,3007.844458,6050.332845,2,31402205
92700362,2026-08-13T16:15:53.9270344,3024.768770,2996.468554,6049.537540,2,30476145
92647961,2026-08-13T12:31:49.3289682,3024.707666,2991.568938,6049.415332,2,31447765
92804787,2026-08-13T23:56:46.7852790,3024.602713,3013.019708,6049.205426,2,31446009
92557589,2026-08-13T06:03:47.5126782,3024.513073,3004.984541,6049.026146,2,31279994
92517492,2026-08-13T03:11:43.9591035,3024.427007,3018.342862,6048.854015,2,31710021
92491658,2026-08-13T01:19:44.0008988,3024.351266,2981.599040,6048.702532,2,31453371
92769755,2026-08-13T21:23:06.8283517,3024.302031,3011.022950,6048.604063,2,30938146
92506244,2026-08-13T02:23:46.7405937,3024.115187,3024.004125,6048.230374,2,31456131
92606049,2026-08-13T09:31:46.8589815,3024.071290,3021.318471,6048.142581,2,31325686
92483123,2026-08-13T00:43:45.7125831,3024.060132,3003.358911,6048.120263,2,31204694
92514777,2026-08-13T02:59:53.9160189,3023.963370,2997.278172,6047.926739,2,31455591
92597649,2026-08-13T08:55:43.4256132,3023.846710,3007.001789,6047.693419,2,31288604
92743036,2026-08-13T19:24:57.4264405,3023.825169,3000.969635,6047.650339,2,29793449
92599512,2026-08-13T09:03:44.9541002,3023.807167,2996.307951,6047.614334,2,31254126
92621907,2026-08-13T10:39:42.6541426,3023.702581,2951.133054,6047.405162,2,31205298
92545517,2026-08-13T05:11:45.9470835,3023.565552,3016.534127,6047.131104,2,31306895
92541793,2026-08-13T04:55:43.3590708,3023.423186,3004.321335,6046.846371,2,31383809
92518617,2026-08-13T03:15:43.3287722,3023.256696,2997.945360,6046.513393,2,31319522
92605103,2026-08-13T09:27:45.5809554,3023.215248,3014.859852,6046.430495,2,31287900
92540860,2026-08-13T04:51:47.5118211,3023.183223,2995.789331,6046.366445,2,31465548
92686319,2026-08-13T15:15:53.7143403,3023.166857,3014.237444,6046.333714,2,31230710
92516732,2026-08-13T03:07:43.3077335,3023.055129,2994.126223,6046.110258,2,31453638
92664871,2026-08-13T13:43:50.8456707,3022.974264,2981.033226,6045.948528,2,31328739
92547383,2026-08-13T05:19:46.0224793,3022.889331,2984.637201,6045.778662,2,31414155
92792891,2026-08-13T23:04:45.4468180,3022.859751,2972.548935,6045.719503,2,31046835
92534303,2026-08-13T04:23:45.6147478,3022.833236,2996.029662,6045.666473,2,31140452
92616295,2026-08-13T10:15:43.8081632,3022.813226,2977.602969,6045.626453,2,31313621
92568772,2026-08-13T06:51:43.0697412,3022.796028,2998.482025,6045.592055,2,31327926
92725346,2026-08-13T18:04:08.2202953,3022.754824,3006.319266,6045.509648,2,31120260
92788201,2026-08-13T22:44:46.3745954,3022.642017,2993.146743,6045.284034,2,31201156
92639592,2026-08-13T11:55:48.2148541,3022.479729,3013.852339,6044.959458,2,31081335
92745778,2026-08-13T19:39:02.2469103,3022.386960,2984.524161,6044.773920,2,31440064
92559461,2026-08-13T06:11:43.2479778,3022.328900,3021.814105,6044.657799,2,31138159
92637756,2026-08-13T11:47:51.6253931,3022.300179,3008.444513,6044.600358,2,31723348
92583670,2026-08-13T07:55:43.6131667,3022.182952,3011.171485,6044.365903,2,31416895
92615391,2026-08-13T10:11:44.2351781,3022.083163,3015.776670,6044.166325,2,31289807
92674204,2026-08-13T14:23:58.2705139,3021.912177,2998.900938,6043.824355,2,31204251
92775312,2026-08-13T21:47:01.6025100,3021.893451,3012.921205,6043.786902,2,31307878
92766973,2026-08-13T21:11:02.6968628,3021.893107,2995.968767,6043.786215,2,31438141
92608911,2026-08-13T09:43:45.5248133,3021.742109,3021.320095,6043.484218,2,31117562
92761421,2026-08-13T20:47:02.3128694,3021.666076,3019.141577,6043.332153,2,31449361
92652670,2026-08-13T12:51:48.8003251,3021.632611,3018.864247,6043.265221,2,31149054
92623832,2026-08-13T10:47:44.9509696,3021.593662,2984.681127,6043.187325,2,30818936
92495258,2026-08-13T01:35:43.8016259,3021.590517,3004.177029,6043.181034,2,31396897
92731918,2026-08-13T18:36:57.1949637,3021.522406,2976.265120,6043.044811,2,31455634
92583755,2026-08-13T07:55:43.7342725,3021.322247,2986.346152,6042.644494,2,31442525
92610763,2026-08-13T09:51:43.3118236,3021.278723,3007.011098,6042.557446,2,31406066
92767956,2026-08-13T21:15:02.7116359,3021.208518,3020.406093,6042.417035,2,31181353
92598658,2026-08-13T08:59:43.8111766,3021.184088,3002.185762,6042.368176,2,31449771
92552922,2026-08-13T05:43:46.2199055,3020.760491,2969.308224,6041.520983,2,30735780
92717930,2026-08-13T17:32:02.9389690,3020.597432,3014.985451,6041.194864,2,31398608
92683522,2026-08-13T15:03:57.2152854,3020.585917,3012.167561,6041.171834,2,31191793
92631200,2026-08-13T11:19:47.6553472,3020.488923,3013.052149,6040.977846,2,31329749
92557488,2026-08-13T06:03:47.3471482,3020.327641,3014.311956,6040.655282,2,31250771
92641460,2026-08-13T12:03:56.1656337,3020.090601,2999.225712,6040.181201,2,31451121
92555734,2026-08-13T05:55:47.9045453,3019.946516,2996.623404,6039.893032,2,31305515
92622816,2026-08-13T10:43:46.5208187,3019.922255,3000.202991,6039.844511,2,31115545
92546426,2026-08-13T05:15:43.8725560,3019.810507,3006.973858,6039.621013,2,31586364
92521200,2026-08-13T03:27:48.8491745,3019.691972,2997.637166,6039.383944,2,31448427
92680773,2026-08-13T14:51:54.6523543,3019.667177,2980.542187,6039.334353,2,30714668
92479549,2026-08-13T00:27:45.7989290,3019.521171,2990.727199,6039.042343,2,31306263
92525068,2026-08-13T03:43:45.3499765,3019.168298,2951.539683,6038.336596,2,31151783
92799367,2026-08-13T23:32:45.7810568,3018.883893,3012.435908,6037.767785,2,31069262
92612629,2026-08-13T09:59:45.6445096,3018.858262,3003.687094,6037.716525,2,31133633
92800264,2026-08-13T23:36:49.0718326,3018.495115,3010.071642,6036.990229,2,30968680
92545524,2026-08-13T05:11:45.9531431,3018.449842,3001.283628,6036.899684,2,31155341
92497233,2026-08-13T01:43:46.6102816,3018.330571,3008.000476,6036.661142,2,31466490
92794701,2026-08-13T23:12:47.2962525,3018.313151,2986.434063,6036.626301,2,31451599
92566922,2026-08-13T06:43:45.5075778,3018.277274,2981.816006,6036.554549,2,31331015
92750271,2026-08-13T19:59:02.4133571,3018.231084,3010.629600,6036.462169,2,31177893
92603298,2026-08-13T09:19:43.5087812,3017.919814,3015.887282,6035.839629,2,27907453
92786352,2026-08-13T22:36:48.2692669,3017.712766,2995.679942,6035.425532,2,31252906
92576288,2026-08-13T07:23:47.0215155,3017.682170,3005.610792,6035.364340,2,31281962
92488780,2026-08-13T01:07:44.3117767,3017.631359,3007.701107,6035.262718,2,31448827
92478575,2026-08-13T00:23:46.6281102,3017.605065,2998.579331,6035.210129,2,31447551
92737356,2026-08-13T19:00:56.8098002,3017.604593,3014.655079,6035.209185,2,31262436
92657350,2026-08-13T13:11:48.6138541,3017.579936,3017.540356,6035.159873,2,31154752
92799415,2026-08-13T23:32:45.8589694,3017.497646,2995.881824,6034.995293,2,31437550
92579068,2026-08-13T07:35:43.3234513,3017.453914,2995.379791,6034.907828,2,31066776
92588314,2026-08-13T08:15:43.0401110,3017.382985,3016.660109,6034.765971,2,30857901
92736434,2026-08-13T18:56:57.6076156,3017.305717,3007.951075,6034.611434,2,31444243
92532497,2026-08-13T04:15:44.4079578,3017.278542,3002.485894,6034.557085,2,31412201
92639676,2026-08-13T11:55:48.3291367,3017.035644,3011.868039,6034.071289,2,31452192
92784527,2026-08-13T22:28:44.8972124,3017.030663,2983.361458,6034.061326,2,31319749
92559502,2026-08-13T06:11:43.3134294,3016.821409,3010.141237,6033.642818,2,30872440
92720771,2026-08-13T17:44:06.5280616,3016.662885,3012.279690,6033.325770,2,31316448
92566036,2026-08-13T06:39:45.1218984,3016.516720,2994.426086,6033.033440,2,31458630
92598576,2026-08-13T08:59:43.7036592,3016.449046,3005.832355,6032.898093,2,31256690
92526781,2026-08-13T03:51:43.1056395,3016.441807,2957.308074,6032.883615,2,31255220
92594859,2026-08-13T08:43:46.5186695,3016.434560,3007.926120,6032.869121,2,31289997
92637699,2026-08-13T11:47:51.5452225,3016.406949,2976.417294,6032.813898,2,31361082
92724397,2026-08-13T18:00:03.4182381,3016.148837,3010.918004,6032.297673,2,31440226
92486947,2026-08-13T00:59:44.7686589,3015.938788,3002.693048,6031.877575,2,31446693
92736528,2026-08-13T18:56:57.7455425,3015.718956,3009.609335,6031.437911,2,31132629
92651759,2026-08-13T12:47:49.0088120,3015.703336,3014.084786,6031.406671,2,31926028
92784530,2026-08-13T22:28:44.8996087,3015.686360,2959.646602,6031.372720,2,31439575
92695690,2026-08-13T15:55:53.1253041,3015.678888,3014.357620,6031.357775,2,31461679
92636782,2026-08-13T11:43:50.7423860,3015.574145,3008.687592,6031.148289,2,31453751
92759596,2026-08-13T20:39:02.7088661,3015.566612,3007.517862,6031.133225,2,30985657
92508347,2026-08-13T02:31:43.6081338,3015.485934,3004.843569,6030.971868,2,31398762
92803979,2026-08-13T23:52:44.4618104,3015.456744,2986.965514,6030.913487,2,31445286
92531509,2026-08-13T04:11:47.5097460,3015.433493,2984.689806,6030.866986,2,31090242
92592987,2026-08-13T08:35:43.8627309,3015.430272,3012.834005,6030.860545,2,31312225
92579081,2026-08-13T07:35:43.3361417,3015.420777,3008.071121,6030.841555,2,31452431
92522326,2026-08-13T03:31:43.5261171,3015.392870,3008.243485,6030.785739,2,31107945
92777137,2026-08-13T21:57:01.9473153,3015.390663,2988.573465,6030.781326,2,31319387
92527798,2026-08-13T03:55:43.0427270,3015.335666,3003.978781,6030.671332,2,31414808
92642397,2026-08-13T12:07:48.9270322,3015.272019,2956.507511,6030.544039,2,31479527
92790983,2026-08-13T22:56:48.0748644,3015.077891,2980.909250,6030.155783,2,31452750
92619180,2026-08-13T10:27:43.3444839,3015.048621,2997.110967,6030.097242,2,31287015
92496238,2026-08-13T01:39:44.3177972,3014.828728,2994.626749,6029.657455,2,31394335
92492462,2026-08-13T01:23:51.1418159,3014.779414,2995.845135,6029.558829,2,31450460
92561253,2026-08-13T06:19:43.4353354,3014.693124,2995.618437,6029.386248,2,31301662
92484997,2026-08-13T00:51:43.3128947,3014.691139,3003.411014,6029.382278,2,31441446
92709636,2026-08-13T16:56:04.4018999,3014.574251,2990.943807,6029.148503,2,31313517
92603265,2026-08-13T09:19:43.4657792,3014.343090,2986.823952,6028.686180,2,31445570
92656392,2026-08-13T13:07:51.2125574,3014.188274,3006.189929,6028.376548,2,31148912
92604220,2026-08-13T09:23:44.8744686,3014.098748,2982.105696,6028.197496,2,31300445
92525037,2026-08-13T03:43:45.3179212,3014.097788,3002.009915,6028.195576,2,31072617
92629246,2026-08-13T11:11:48.3638561,3014.075152,3006.237599,6028.150303,2,31302411
92630358,2026-08-13T11:15:51.2024240,3014.030066,2983.487556,6028.060132,2,31153193
92619121,2026-08-13T10:27:43.2531180,3013.995895,3009.184125,6027.991790,2,31375953
92631122,2026-08-13T11:19:47.5436995,3013.965061,3006.445345,6027.930122,2,31075792
92608864,2026-08-13T09:43:45.4526317,3013.935616,2992.128241,6027.871232,2,31318839
92518616,2026-08-13T03:15:43.3278545,3013.899182,3008.623301,6027.798364,2,31328016
92792719,2026-08-13T23:04:45.1881309,3013.863200,3005.166479,6027.726401,2,31879501
92486844,2026-08-13T00:59:44.6312749,3013.678998,2986.962474,6027.357996,2,30944149
92572529,2026-08-13T07:07:44.2432412,3013.670071,3005.765155,6027.340143,2,30291960
92762353,2026-08-13T20:51:03.4895032,3013.594941,2998.603141,6027.189882,2,31454436
92679814,2026-08-13T14:47:54.2345114,3013.448402,3010.365119,6026.896805,2,31159031
92564068,2026-08-13T06:31:43.5560113,3013.392124,2978.700292,6026.784248,2,31240562
92543648,2026-08-13T05:03:51.0271965,3013.334725,3012.314784,6026.669449,2,31252387
92717970,2026-08-13T17:32:03.0396796,3013.015946,3000.186289,6026.031891,2,31831299
92782456,2026-08-13T22:20:44.6016993,3013.011938,3004.334675,6026.023876,2,31209521
92786463,2026-08-13T22:36:48.4736458,3012.900888,3010.413712,6025.801777,2,30984782
92519451,2026-08-13T03:19:43.1425516,3012.811690,2982.788608,6025.623379,2,31452545
92617261,2026-08-13T10:19:45.6055257,3012.744606,2999.901598,6025.489213,2,31303296
92779092,2026-08-13T22:04:45.8417246,3012.716659,3001.483522,6025.433317,2,31419644
92611656,2026-08-13T09:55:43.4522195,3012.709884,3012.552510,6025.419768,2,31391952
92511113,2026-08-13T02:43:44.9575327,3012.678556,2983.695127,6025.357113,2,31330900
92594855,2026-08-13T08:43:46.5169172,3012.619502,3009.800031,6025.239005,2,31249264
92478569,2026-08-13T00:23:46.6222447,3012.590300,2975.034115,6025.180599,2,31341690
92540848,2026-08-13T04:51:47.4760825,3012.554230,2967.478353,6025.108460,2,31449005
92681698,2026-08-13T14:55:52.7110492,3012.335966,3006.711242,6024.671933,2,31149289
92635855,2026-08-13T11:39:47.6559140,3012.323117,3001.554103,6024.646235,2,31021943
92645216,2026-08-13T12:19:48.2587337,3012.264249,2981.032079,6024.528498,2,31331242
92501792,2026-08-13T02:03:45.5155209,3012.152828,2973.412852,6024.305655,2,31305090
92726307,2026-08-13T18:08:02.6139624,3011.953651,3001.581815,6023.907301,2,31441730
92754924,2026-08-13T20:19:02.9991618,3011.865912,3009.745963,6023.731823,2,31447538
92677935,2026-08-13T14:39:52.5215699,3011.846879,3007.711363,6023.693758,2,31187913
92616304,2026-08-13T10:15:43.8167908,3011.810808,2996.400864,6023.621617,2,31141067
92565006,2026-08-13T06:35:43.5161969,3011.782822,2971.651555,6023.565644,2,31455243
92606978,2026-08-13T09:35:43.8867144,3011.721208,2996.611661,6023.442415,2,31450290
92542703,2026-08-13T04:59:43.2093766,3011.690063,3009.522803,6023.380127,2,31725354
92567830,2026-08-13T06:47:45.7476866,3011.622857,2965.134780,6023.245714,2,31446349
92758700,2026-08-13T20:35:03.5404590,3011.555266,2959.583344,6023.110531,2,31441010
92632170,2026-08-13T11:23:52.6127682,3011.526742,2985.832316,6023.053485,2,31284606
92657338,2026-08-13T13:11:48.5993402,3011.496977,3001.284204,6022.993954,2,31208231
92525945,2026-08-13T03:47:43.0730622,3011.491457,3005.115254,6022.982914,2,31308374
92622890,2026-08-13T10:43:46.6157868,3011.427830,2974.310657,6022.855660,2,31447977
92500008,2026-08-13T01:55:43.8430533,3011.420319,2993.334756,6022.840638,2,31580439
92633947,2026-08-13T11:31:50.1730224,3011.126011,2980.019408,6022.252023,2,31170304
92657383,2026-08-13T13:11:48.6450031,3011.025254,2974.380253,6022.050508,2,31447463
92723527,2026-08-13T17:56:03.4066401,3010.910176,3003.158179,6021.820351,2,31444440
92773483,2026-08-13T21:39:01.1118794,3010.849355,2993.909647,6021.698709,2,31452462
92610730,2026-08-13T09:51:43.2537660,3010.822843,2957.064078,6021.645685,2,31442347
92592979,2026-08-13T08:35:43.8529036,3010.691616,2996.715088,6021.383232,2,31211625
92587456,2026-08-13T08:11:43.9076811,3010.680454,2984.846577,6021.360909,2,30908718
92679852,2026-08-13T14:47:54.2840883,3010.661030,2978.239885,6021.322061,2,31145751
92632233,2026-08-13T11:23:52.5708210,3010.564355,3009.382755,6021.128710,2,31235311
92611699,2026-08-13T09:55:43.5262838,3010.542488,2991.936206,6021.084977,2,31403158
92672276,2026-08-13T14:15:53.5475912,3010.532470,2998.345905,6021.064940,2,31169355
92785436,2026-08-13T22:32:45.8135766,3010.495542,2998.532774,6020.991083,2,31447632
92623756,2026-08-13T10:47:44.8496669,3010.468839,2976.476362,6020.937677,2,31343704
92626634,2026-08-13T10:59:52.6030325,3010.271134,2998.387447,6020.542267,2,31048815
92577220,2026-08-13T07:27:48.5682963,3010.258118,2999.291393,6020.516236,2,31349227
92802956,2026-08-13T23:48:45.1827358,3010.083257,3008.907014,6020.166514,2,31403990
92649832,2026-08-13T12:39:48.2405686,3010.082707,3001.568764,6020.165414,2,31464988
92630265,2026-08-13T11:15:51.0358385,3009.992497,3006.231581,6019.984993,2,31447231
92607835,2026-08-13T09:39:43.6089315,3009.918483,2989.872036,6019.836966,2,31270402
92534273,2026-08-13T04:23:45.5446260,3009.879590,2984.271356,6019.759180,2,31447780
92478571,2026-08-13T00:23:46.6240613,3009.810835,2970.557677,6019.621670,2,31321685
92727314,2026-08-13T18:15:54.6094598,3009.746616,2969.056100,6019.493232,2,31244846
92633010,2026-08-13T11:27:48.4787476,3009.730106,2983.661735,6019.460212,2,31349279
92620973,2026-08-13T10:35:42.9465201,3009.703727,2990.985151,6019.407453,2,31444014
92604170,2026-08-13T09:23:44.9459292,3009.588293,2997.308185,6019.176587,2,31299156
92637809,2026-08-13T11:47:51.7605570,3009.587077,2958.146262,6019.174154,2,31477828
92604200,2026-08-13T09:23:45.0130910,3009.574704,3007.969843,6019.149408,2,31279125
92799366,2026-08-13T23:32:45.7811419,3009.510541,3009.030091,6019.021081,2,31397900
92744756,2026-08-13T19:35:01.0942042,3009.420161,2968.810915,6018.840322,2,31230375
92662044,2026-08-13T13:31:48.4326022,3009.381484,2998.788029,6018.762969,2,30849368
92592051,2026-08-13T08:31:43.8267220,3009.123915,2988.687326,6018.247829,2,31452627
92520460,2026-08-13T03:23:48.8173050,3009.061095,3002.087371,6018.122190,2,31442266
92582782,2026-08-13T07:51:43.7123620,3008.886564,2991.835916,6017.773128,2,31726341
92653580,2026-08-13T12:55:48.6311356,3008.872281,3007.907711,6017.744562,2,31319506
92504577,2026-08-13T02:15:43.5181608,3008.817608,2971.656806,6017.635216,2,31438272
92645175,2026-08-13T12:19:48.2190340,3008.665168,3004.569217,6017.330336,2,31446291
92634919,2026-08-13T11:35:49.1434128,3008.518584,3007.957015,6017.037168,2,31295400
92547349,2026-08-13T05:19:45.9671070,3008.453017,2993.138464,6016.906034,2,31137296
92715238,2026-08-13T17:20:05.5486381,3008.396386,3006.960914,6016.792772,2,31910364
92776238,2026-08-13T21:51:02.3322162,3008.393187,2934.327119,6016.786373,2,31440895
92475813,2026-08-13T00:11:43.5132463,3008.370976,2974.789400,6016.741951,2,31101788
92701258,2026-08-13T16:19:53.3744577,3008.243803,3005.255801,6016.487606,2,31419544
92725361,2026-08-13T18:04:08.2377760,3008.229789,3001.545985,6016.459578,2,31457304
92635020,2026-08-13T11:35:49.3076271,3008.081015,2967.706051,6016.162029,2,31335781
92545447,2026-08-13T05:11:45.8408891,3008.067211,3004.491142,6016.134422,2,31441306
92474818,2026-08-13T00:07:46.5663640,3008.062811,2988.567371,6016.125622,2,31719284
92705916,2026-08-13T16:39:52.6415260,3008.061683,3007.540139,6016.123366,2,31446272
92677981,2026-08-13T14:39:52.6063160,3008.046972,2994.053768,6016.093944,2,31440187
92632100,2026-08-13T11:23:52.5021268,3007.990363,2987.082593,6015.980727,2,31482679
92562218,2026-08-13T06:23:47.3292323,3007.971789,3007.658445,6015.943578,2,31320795
92485036,2026-08-13T00:51:43.3555237,3007.890247,2998.753984,6015.780495,2,31163847
92679774,2026-08-13T14:47:54.1486420,3007.807948,3006.982453,6015.615895,2,31193635
92565013,2026-08-13T06:35:43.5285289,3007.787987,2980.752358,6015.575975,2,31211776
92792011,2026-08-13T23:00:45.7441815,3007.765637,2975.251477,6015.531273,2,31279741
92621923,2026-08-13T10:39:42.6710372,3007.740105,3003.356443,6015.480210,2,31452713
92714309,2026-08-13T17:16:11.0073744,3007.738983,3006.944781,6015.477965,2,31464101
92537123,2026-08-13T04:35:43.3535326,3007.630430,2971.966286,6015.260860,2,31212395
92576158,2026-08-13T07:23:46.8154228,3007.618247,3000.519168,6015.236495,2,31325136
92606988,2026-08-13T09:35:43.9038588,3007.527351,2958.426321,6015.054703,2,31248884
92701307,2026-08-13T16:19:53.4466713,3007.474902,3000.040049,6014.949804,2,31466949
92504595,2026-08-13T02:15:43.5392886,3007.060737,2999.824591,6014.121473,2,31416778
92707785,2026-08-13T16:47:54.2505368,3007.024133,2970.349915,6014.048266,2,31448268
92559404,2026-08-13T06:11:43.1675602,3006.666719,2996.433184,6013.333438,2,31456738
92563164,2026-08-13T06:27:42.9404171,3006.470474,3000.540723,6012.940947,2,31439837
92577101,2026-08-13T07:27:48.4258314,3006.285584,2994.529763,6012.571167,2,31182521
92619144,2026-08-13T10:27:43.3056669,3006.282324,2977.842120,6012.564648,2,31288330
